Quantity,UnitPrice,ItemsInCart,TotalPrice,Target,Year,Month,Day,Product_Desk,Product_Laptop,Product_Monitor,Product_Phone,Product_Printer,Product_Tablet,PaymentMethod_Credit Card,PaymentMethod_Debit Card,PaymentMethod_Gift Card,PaymentMethod_Online,OrderStatus_Delivered,OrderStatus_Pending,OrderStatus_Returned,OrderStatus_Shipped,CouponCode_SAVE10,CouponCode_WINTER15,ReferralSource_Facebook,ReferralSource_Google,ReferralSource_Instagram,ReferralSource_Referral
5,550.68,8,2753.4,1.0,2024,2,27,False,False,False,False,False,True,True,False,False,False,False,False,False,False,False,False,False,False,False,False
4,626.01,8,2504.04,0.0,2025,5,8,False,False,False,False,True,False,False,False,False,True,True,False,False,False,True,False,False,False,False,False
2,134.28,2,268.56,1.0,2025,4,2,False,False,False,True,False,False,False,False,True,False,False,False,False,False,False,False,False,False,False,False
1,473.96,3,473.96,0.0,2023,7,17,False,False,False,False,True,False,False,False,False,False,True,False,False,False,False,False,False,True,False,False
4,342.95,6,1371.8,0.0,2024,11,17,False,False,True,False,False,False,False,False,False,False,True,False,False,False,False,False,False,True,False,False
4,273.25,5,1093.0,1.0,2025,4,9,False,False,False,True,False,False,False,True,False,False,False,False,False,False,False,False,False,False,False,True
2,230.95,3,461.9,0.0,2024,10,30,False,True,False,False,False,False,False,False,False,True,True,False,False,False,False,True,False,False,False,True
1,399.98,3,399.98,0.0,2024,7,24,False,False,True,False,False,False,False,True,False,False,True,False,False,False,False,True,False,False,False,False
5,59.55,6,297.75,0.0,2024,3,6,False,True,False,False,False,False,False,False,False,True,True,False,False,False,False,False,False,False,False,True
3,423.53,6,1270.59,0.0,2024,9,20,True,False,False,False,False,False,True,False,False,False,True,False,False,False,True,False,False,False,False,True
5,536.72,10,2683.6,0.0,2023,5,1,False,False,False,False,False,True,False,False,False,False,True,False,False,False,False,False,False,False,False,False
1,162.77,4,162.77,1.0,2023,6,5,False,False,False,False,False,False,False,False,False,True,False,False,False,False,False,True,True,False,False,False
1,245.89,3,245.89,0.0,2024,12,19,False,True,False,False,False,False,False,True,False,False,True,False,False,False,True,False,False,True,False,False
3,256.46,4,769.3799999999999,0.0,2025,2,27,False,False,False,False,True,False,True,False,False,False,True,False,False,False,True,False,False,False,False,True
2,344.02,4,688.04,0.0,2023,8,20,True,False,False,False,False,False,False,False,False,True,True,False,False,False,False,False,False,False,True,False
2,151.66,6,303.32,1.0,2024,5,6,False,False,False,False,True,False,False,False,False,False,False,False,False,False,False,False,False,False,True,False
3,499.21,8,1497.63,1.0,2023,12,14,False,False,False,False,False,False,False,False,False,True,False,False,False,False,False,False,False,False,True,False
1,179.22,6,179.22,1.0,2023,7,31,False,False,False,False,False,True,False,False,False,True,False,False,False,False,False,False,False,False,True,False
3,344.4,3,1033.2,1.0,2025,6,24,False,False,False,False,True,False,False,False,False,True,False,False,False,False,False,False,True,False,False,False
3,479.21,5,1437.63,1.0,2023,5,21,False,False,False,False,False,True,False,False,False,False,False,False,False,False,False,True,False,False,False,True
4,474.69,6,1898.76,1.0,2023,1,15,False,False,False,True,False,False,False,False,True,False,False,False,False,False,True,False,False,True,False,False
4,122.2,7,488.8,0.0,2024,3,24,True,False,False,False,False,False,False,False,False,False,True,False,False,False,False,False,True,False,False,False
3,130.61,4,391.83,1.0,2025,6,25,False,False,False,False,True,False,False,True,False,False,False,False,False,False,False,False,True,False,False,False
5,81.7,6,408.5,0.0,2023,12,30,False,False,True,False,False,False,True,False,False,False,True,False,False,False,False,False,False,False,True,False
5,127.18,9,635.9000000000001,1.0,2024,11,15,False,False,False,False,False,False,False,False,False,False,False,False,False,False,True,False,False,False,False,True
4,12.1,8,48.4,1.0,2024,12,9,False,False,False,False,True,False,False,True,False,False,False,False,False,False,False,False,False,True,False,False
4,433.45,4,1733.8,1.0,2023,5,3,False,False,True,False,False,False,False,False,True,False,False,False,False,False,False,False,True,False,False,False
3,398.17,5,1194.51,0.0,2023,9,26,False,False,False,False,False,True,False,True,False,False,True,False,False,False,True,False,False,False,False,False
4,382.88,6,1531.52,1.0,2024,3,31,False,True,False,False,False,False,False,False,False,False,False,False,False,False,False,True,False,False,False,False
4,175.36,4,701.44,0.0,2024,8,6,False,False,False,False,True,False,False,True,False,False,True,False,False,False,False,False,False,False,True,False
4,540.41,6,2161.64,1.0,2023,8,22,False,True,False,False,False,False,True,False,False,False,False,False,False,False,False,False,False,False,False,True
3,146.73,8,440.1899999999999,0.0,2024,9,9,False,False,False,False,False,True,False,False,False,False,True,False,False,False,False,False,False,False,False,False
5,643.03,5,3215.15,1.0,2024,6,19,False,False,False,False,True,False,False,False,False,True,False,False,False,False,False,False,False,False,False,True
3,114.81,7,344.43,1.0,2025,6,5,True,False,False,False,False,False,False,False,True,False,False,False,False,False,False,False,False,True,False,False
5,455.33,8,2276.65,1.0,2025,2,25,False,False,False,False,True,False,True,False,False,False,False,False,False,False,False,False,False,True,False,False
4,182.08,4,728.32,0.0,2023,9,18,False,False,False,False,False,False,False,False,True,False,True,False,False,False,True,False,False,False,False,False
2,232.83,7,465.66,0.0,2024,6,1,False,False,False,True,False,False,False,False,True,False,True,False,False,False,False,False,False,False,True,False
1,201.58,2,201.58,1.0,2025,4,12,False,False,False,False,True,False,False,True,False,False,False,False,False,False,False,True,False,False,False,False
3,664.79,6,1994.37,0.0,2023,2,17,False,False,False,True,False,False,False,False,False,True,True,False,False,False,False,False,True,False,False,False
2,70.34,3,140.68,1.0,2023,3,8,False,True,False,False,False,False,False,False,True,False,False,False,False,False,False,False,False,False,False,False
4,218.43,9,873.72,1.0,2025,1,25,False,False,False,True,False,False,True,False,False,False,False,False,False,False,True,False,False,False,False,False
1,582.04,1,582.04,0.0,2024,7,30,False,False,False,True,False,False,False,False,True,False,True,False,False,False,False,False,False,False,False,False
3,185.4,7,556.2,1.0,2024,10,24,False,False,False,False,True,False,False,False,True,False,False,False,False,False,False,False,True,False,False,False
3,465.05,3,1395.15,1.0,2023,9,8,True,False,False,False,False,False,True,False,False,False,False,False,False,False,True,False,False,False,False,False
5,48.38,9,241.9,0.0,2024,12,28,False,True,False,False,False,False,False,False,True,False,True,False,False,False,False,True,False,False,False,False
3,309.22,7,927.6600000000001,1.0,2025,5,7,True,False,False,False,False,False,False,False,False,True,False,False,False,False,False,False,False,True,False,False
1,410.6,2,410.6,1.0,2023,1,1,False,False,True,False,False,False,False,False,False,True,False,False,False,False,False,True,False,False,False,True
4,291.35,6,1165.4,1.0,2023,3,19,False,False,False,False,True,False,True,False,False,False,False,False,False,False,False,True,True,False,False,False
1,535.5,5,535.5,1.0,2023,3,8,False,False,False,False,False,True,False,False,True,False,False,False,False,False,False,True,False,False,False,True
4,629.34,4,2517.36,1.0,2023,4,11,False,False,False,False,False,True,False,False,False,False,False,False,False,False,False,True,False,False,True,False
1,410.78,1,410.78,1.0,2023,11,30,True,False,False,False,False,False,False,False,False,False,False,False,False,False,False,False,False,False,True,False
3,278.04,5,834.1200000000001,0.0,2023,7,6,True,False,False,False,False,False,False,False,False,True,True,False,False,False,False,False,False,False,True,False
4,21.07,4,84.28,0.0,2023,2,17,False,False,False,False,False,True,False,False,True,False,True,False,False,False,False,False,False,True,False,False
3,501.3,3,1503.9,1.0,2025,1,22,True,False,False,False,False,False,False,False,False,True,False,False,False,False,False,True,True,False,False,False
4,302.05,6,1208.2,1.0,2025,6,20,False,False,False,False,False,False,False,True,False,False,False,False,False,False,True,False,False,True,False,False
1,44.35,1,44.35,1.0,2024,4,27,False,True,False,False,False,False,False,False,True,False,False,False,False,False,True,False,False,False,True,False
2,250.98,5,501.96,0.0,2024,11,26,False,False,True,False,False,False,True,False,False,False,True,False,False,False,False,False,False,True,False,False
3,528.14,3,1584.42,0.0,2025,5,31,False,False,False,False,False,False,False,False,False,True,True,False,False,False,False,False,False,False,False,False
3,684.14,3,2052.42,1.0,2023,11,18,False,False,False,False,True,False,False,False,False,False,False,False,False,False,False,True,False,False,True,False
3,146.91,6,440.73,0.0,2024,3,2,False,False,False,False,True,False,True,False,False,False,True,False,False,False,False,False,False,True,False,False
2,465.18,2,930.36,1.0,2025,5,6,False,True,False,False,False,False,True,False,False,False,False,False,False,False,True,False,False,True,False,False
2,319.91,3,639.82,1.0,2024,12,15,False,False,False,True,False,False,True,False,False,False,False,False,False,False,False,True,False,True,False,False
1,217.56,3,217.56,0.0,2023,12,27,False,True,False,False,False,False,False,True,False,False,True,False,False,False,False,False,True,False,False,False
2,399.04,3,798.08,1.0,2025,1,2,False,False,False,False,False,False,False,False,False,False,False,False,False,False,False,False,False,False,False,True
2,269.83,4,539.66,0.0,2024,11,8,False,False,False,False,False,False,False,False,False,True,True,False,False,False,True,False,False,False,False,False
1,299.35,5,299.35,1.0,2023,10,31,False,False,False,False,True,False,True,False,False,False,False,False,False,False,False,True,False,False,False,False
1,211.14,1,211.14,1.0,2024,3,29,False,False,True,False,False,False,True,False,False,False,False,False,False,False,True,False,True,False,False,False
1,641.39,1,641.39,1.0,2025,6,24,False,False,False,False,False,True,False,False,False,True,False,False,False,False,False,False,False,False,False,True
3,86.29,6,258.87,0.0,2025,3,4,False,False,False,False,False,False,False,False,False,False,True,False,False,False,False,True,False,False,True,False
1,427.82,2,427.82,0.0,2024,4,7,False,False,False,False,True,False,False,False,False,True,True,False,False,False,False,True,False,False,False,False
4,662.94,8,2651.76,1.0,2025,4,4,True,False,False,False,False,False,False,False,False,False,False,False,False,False,True,False,False,False,True,False
2,148.22,7,296.44,0.0,2023,8,15,False,False,False,False,False,True,True,False,False,False,True,False,False,False,False,True,False,False,True,False
1,254.12,1,254.12,0.0,2025,4,6,False,False,False,False,True,False,False,False,False,True,True,False,False,False,False,True,False,False,False,False
3,664.46,4,1993.38,0.0,2024,3,24,False,False,False,True,False,False,False,False,False,True,True,False,False,False,False,False,False,True,False,False
4,600.81,9,2403.24,0.0,2024,4,16,False,False,False,False,True,False,False,True,False,False,True,False,False,False,True,False,False,False,False,False
4,512.06,5,2048.24,0.0,2024,4,11,False,False,False,False,False,False,False,False,False,True,True,False,False,False,True,False,False,True,False,False
3,539.91,8,1619.73,0.0,2024,11,24,False,True,False,False,False,False,True,False,False,False,True,False,False,False,False,False,False,False,False,False
5,186.28,8,931.4,0.0,2024,4,18,False,False,True,False,False,False,False,True,False,False,True,False,False,False,True,False,False,False,False,False
4,214.54,7,858.16,1.0,2024,4,4,False,False,False,False,False,True,False,False,True,False,False,False,False,False,False,False,False,False,False,True
5,429.45,5,2147.25,1.0,2023,7,5,False,False,False,False,True,False,False,False,True,False,False,False,False,False,False,True,False,False,False,False
2,488.87,4,977.74,1.0,2025,3,8,False,True,False,False,False,False,False,False,False,True,False,False,False,False,False,False,False,True,False,False
1,645.46,5,645.46,1.0,2023,8,11,True,False,False,False,False,False,False,False,True,False,False,False,False,False,True,False,False,True,False,False
1,46.66,6,46.66,1.0,2023,7,21,False,False,False,False,True,False,False,False,False,False,False,False,False,False,False,False,False,True,False,False
3,619.21,6,1857.63,1.0,2024,4,22,False,False,False,False,False,False,False,True,False,False,False,False,False,False,False,False,False,False,False,False
4,217.13,8,868.52,0.0,2025,1,24,True,False,False,False,False,False,False,False,False,False,True,False,False,False,False,True,False,False,False,False
4,340.3,8,1361.2,1.0,2024,6,11,False,True,False,False,False,False,False,False,False,False,False,False,False,False,True,False,False,False,False,True
5,433.26,9,2166.3,0.0,2025,6,7,False,False,False,False,False,True,True,False,False,False,True,False,False,False,True,False,False,True,False,False
3,253.98,3,761.9399999999999,1.0,2025,2,6,False,False,True,False,False,False,True,False,False,False,False,False,False,False,False,False,False,False,False,False
4,413.71,9,1654.84,1.0,2023,9,5,False,True,False,False,False,False,False,False,True,False,False,False,False,False,False,False,True,False,False,False
1,121.96,3,121.96,0.0,2025,3,18,False,False,False,True,False,False,False,True,False,False,True,False,False,False,False,False,False,True,False,False
3,358.48,7,1075.44,0.0,2024,12,5,False,False,False,False,False,False,False,False,True,False,True,False,False,False,False,False,True,False,False,False
1,265.38,6,265.38,1.0,2023,6,20,False,False,True,False,False,False,True,False,False,False,False,False,False,False,False,True,False,False,False,False
1,634.4,6,634.4,1.0,2023,4,20,False,True,False,False,False,False,False,False,False,False,False,False,False,False,True,False,False,False,False,False
4,305.72,5,1222.88,0.0,2024,8,21,True,False,False,False,False,False,False,False,False,True,True,False,False,False,False,False,True,False,False,False
4,496.0,8,1984.0,1.0,2025,4,15,False,False,True,False,False,False,False,False,False,True,False,False,False,False,False,True,False,True,False,False
5,61.97,6,309.85,0.0,2025,5,2,False,True,False,False,False,False,False,False,False,False,True,False,False,False,True,False,False,False,False,False
4,91.46,9,365.84,1.0,2023,9,23,False,False,False,False,True,False,False,False,False,False,False,False,False,False,True,False,False,False,False,True
3,588.05,8,1764.15,0.0,2025,6,27,True,False,False,False,False,False,False,False,True,False,True,False,False,False,False,False,False,False,True,False
2,365.17,4,730.34,1.0,2023,11,2,False,False,True,False,False,False,False,False,False,True,False,False,False,False,False,False,True,False,False,False
4,385.92,8,1543.68,1.0,2023,5,17,False,False,False,False,False,False,True,False,False,False,False,False,False,False,False,False,False,False,True,False
1,562.61,3,562.61,0.0,2025,3,28,False,False,False,False,False,True,True,False,False,False,True,False,False,False,False,True,True,False,False,False
4,61.91,6,247.64,0.0,2023,12,16,True,False,False,False,False,False,False,False,True,False,True,False,False,False,False,True,False,False,False,False
4,444.44,8,1777.76,1.0,2023,5,19,False,False,False,False,True,False,False,True,False,False,False,False,False,False,False,True,False,True,False,False
3,311.33,3,933.99,1.0,2024,8,24,False,False,False,True,False,False,False,False,False,False,False,False,False,False,False,True,False,False,True,False
2,144.66,7,289.32,1.0,2025,5,9,False,False,False,False,False,False,False,False,False,True,False,False,False,False,False,False,False,True,False,False
2,317.77,4,635.54,1.0,2023,2,16,True,False,False,False,False,False,False,True,False,False,False,False,False,False,False,True,True,False,False,False
4,14.69,9,58.76,1.0,2025,5,15,False,False,True,False,False,False,False,False,False,False,False,False,False,False,False,False,False,False,False,False
4,668.36,5,2673.44,1.0,2024,9,20,False,False,False,True,False,False,False,False,True,False,False,False,False,False,False,False,True,False,False,False
3,263.19,5,789.5699999999999,0.0,2023,12,26,False,False,True,False,False,False,False,False,False,True,True,False,False,False,False,False,False,False,True,False
1,406.22,5,406.22,1.0,2024,4,23,False,False,False,True,False,False,True,False,False,False,False,False,False,False,True,False,False,False,False,True
4,435.12,9,1740.48,0.0,2023,6,11,False,False,False,False,False,False,True,False,False,False,True,False,False,False,True,False,False,False,True,False
5,173.65,9,868.25,0.0,2025,5,28,False,False,False,True,False,False,False,False,True,False,True,False,False,False,True,False,False,False,False,False
1,572.13,4,572.13,1.0,2023,12,22,False,False,False,False,True,False,False,True,False,False,False,False,False,False,True,False,False,True,False,False
4,583.07,6,2332.28,1.0,2024,6,8,False,False,False,False,False,False,True,False,False,False,False,False,False,False,False,False,False,False,False,True
5,468.51,9,2342.55,0.0,2025,4,17,False,False,False,False,False,False,False,True,False,False,True,False,False,False,False,False,True,False,False,False
2,423.88,7,847.76,0.0,2023,8,11,False,False,False,True,False,False,False,True,False,False,True,False,False,False,True,False,False,False,False,True
2,238.25,7,476.5,1.0,2024,10,27,False,False,False,False,False,True,False,False,False,True,False,False,False,False,False,False,False,False,False,False
2,182.4,5,364.8,1.0,2023,2,4,False,False,False,True,False,False,False,False,True,False,False,False,False,False,True,False,False,False,False,True
2,65.07,4,130.14,1.0,2023,11,4,False,False,False,False,False,False,True,False,False,False,False,False,False,False,True,False,False,True,False,False
5,90.92,9,454.6,0.0,2024,9,9,False,False,False,False,False,False,True,False,False,False,True,False,False,False,True,False,True,False,False,False
5,362.46,6,1812.3,0.0,2024,11,18,False,True,False,False,False,False,False,False,False,False,True,False,False,False,False,False,False,False,True,False
3,404.62,6,1213.86,0.0,2023,3,27,False,False,False,False,False,True,False,False,True,False,True,False,False,False,False,False,False,False,True,False
4,637.79,9,2551.16,1.0,2025,4,22,False,False,False,False,True,False,False,False,True,False,False,False,False,False,False,False,False,True,False,False
1,338.31,3,338.31,0.0,2025,6,10,False,False,False,True,False,False,False,False,False,True,True,False,False,False,False,False,False,True,False,False
3,99.9,8,299.7,0.0,2023,5,5,False,False,False,False,False,False,False,False,False,False,True,False,False,False,False,False,True,False,False,False
2,345.01,6,690.02,0.0,2024,5,12,False,False,False,True,False,False,True,False,False,False,True,False,False,False,False,False,False,True,False,False
1,65.95,5,65.95,0.0,2025,1,15,False,False,True,False,False,False,True,False,False,False,True,False,False,False,False,False,True,False,False,False
5,107.48,9,537.4,1.0,2023,1,25,False,False,False,False,True,False,False,True,False,False,False,False,False,False,False,False,False,False,False,False
5,638.8,10,3194.0,1.0,2024,6,19,True,False,False,False,False,False,False,True,False,False,False,False,False,False,False,True,False,False,False,True
4,301.17,6,1204.68,1.0,2023,12,19,False,False,False,False,True,False,False,False,False,True,False,False,False,False,False,False,False,False,False,False
1,278.66,2,278.66,1.0,2024,1,20,False,False,True,False,False,False,False,False,True,False,False,False,False,False,False,False,False,False,True,False
1,583.99,2,583.99,1.0,2023,5,11,False,False,False,False,False,False,False,False,False,False,False,False,False,False,True,False,False,False,False,False
5,408.73,10,2043.65,0.0,2024,10,18,False,False,True,False,False,False,False,False,True,False,True,False,False,False,False,False,False,False,True,False
3,557.41,4,1672.23,0.0,2023,7,1,False,True,False,False,False,False,False,False,False,True,True,False,False,False,False,False,False,False,False,False
4,549.76,4,2199.04,0.0,2023,10,3,False,False,False,False,False,False,False,True,False,False,True,False,False,False,False,False,True,False,False,False
2,434.3,7,868.6,0.0,2023,7,9,False,False,False,False,False,False,False,False,False,False,True,False,False,False,True,False,False,False,True,False
4,153.09,4,612.36,0.0,2023,10,4,True,False,False,False,False,False,False,False,False,True,True,False,False,False,False,False,False,False,False,True
5,91.67,9,458.35,1.0,2025,5,12,False,False,False,False,False,True,False,False,False,True,False,False,False,False,False,False,False,False,False,False
3,148.72,7,446.16,1.0,2024,7,27,False,False,False,False,False,False,False,True,False,False,False,False,False,False,True,False,False,True,False,False
4,152.29,6,609.16,1.0,2023,8,9,False,False,False,True,False,False,False,True,False,False,False,False,False,False,False,True,False,True,False,False
5,231.82,6,1159.1,0.0,2024,6,14,False,False,False,True,False,False,False,True,False,False,True,False,False,False,True,False,True,False,False,False
1,359.99,5,359.99,1.0,2023,7,25,False,False,False,True,False,False,False,False,True,False,False,False,False,False,True,False,False,False,False,False
5,674.04,7,3370.2,1.0,2023,2,28,False,False,False,False,False,True,False,False,False,True,False,False,False,False,True,False,False,True,False,False
3,422.13,7,1266.39,0.0,2023,4,15,False,False,False,False,True,False,False,False,False,True,True,False,False,False,True,False,True,False,False,False
4,224.75,7,899.0,0.0,2024,3,26,False,False,False,False,False,False,False,False,False,True,True,False,False,False,False,True,True,False,False,False
5,521.25,8,2606.25,1.0,2023,4,23,False,True,False,False,False,False,False,False,False,False,False,False,False,False,False,False,False,False,False,False
3,623.34,3,1870.02,1.0,2025,3,6,False,False,False,False,False,True,False,False,False,True,False,False,False,False,True,False,False,False,True,False
1,465.33,2,465.33,0.0,2023,11,30,False,False,False,False,False,False,False,False,True,False,True,False,False,False,False,False,False,True,False,False
1,64.66,4,64.66,0.0,2025,2,15,False,True,False,False,False,False,False,True,False,False,True,False,False,False,False,False,False,False,True,False
1,630.82,5,630.82,0.0,2025,3,28,False,False,False,False,False,True,False,False,False,True,True,False,False,False,False,False,False,True,False,False
3,433.33,4,1299.99,1.0,2025,6,3,False,False,False,False,False,True,True,False,False,False,False,False,False,False,False,False,False,False,False,True
5,374.58,10,1872.9,1.0,2023,5,6,False,False,False,False,True,False,False,False,True,False,False,False,False,False,False,False,False,False,True,False
5,408.56,8,2042.8,0.0,2023,7,8,False,True,False,False,False,False,False,True,False,False,True,False,False,False,False,False,False,False,True,False
2,183.67,3,367.34,1.0,2024,4,7,False,False,False,False,False,True,False,False,False,True,False,False,False,False,True,False,False,True,False,False
4,606.57,5,2426.28,0.0,2023,6,9,True,False,False,False,False,False,False,True,False,False,True,False,False,False,False,True,False,False,False,True
5,659.85,9,3299.25,0.0,2024,6,29,False,False,False,False,True,False,True,False,False,False,True,False,False,False,True,False,True,False,False,False
4,206.84,5,827.36,1.0,2023,6,27,False,False,True,False,False,False,False,False,False,False,False,False,False,False,False,True,False,False,True,False
5,628.74,9,3143.7,1.0,2023,11,24,False,False,False,True,False,False,False,False,False,False,False,False,False,False,False,False,True,False,False,False
1,678.38,4,678.38,1.0,2025,2,14,False,False,False,True,False,False,True,False,False,False,False,False,False,False,True,False,False,False,False,True
3,271.02,6,813.06,1.0,2023,5,1,False,False,True,False,False,False,True,False,False,False,False,False,False,False,False,False,False,True,False,False
1,312.11,4,312.11,1.0,2025,5,3,False,False,False,True,False,False,False,False,False,True,False,False,False,False,False,True,True,False,False,False
5,191.63,6,958.15,0.0,2023,10,31,False,False,False,False,False,False,False,False,True,False,True,False,False,False,False,False,True,False,False,False
5,508.69,10,2543.45,0.0,2023,7,14,False,False,False,False,True,False,False,False,False,False,True,False,False,False,False,False,False,True,False,False
2,527.46,3,1054.92,1.0,2025,1,16,False,True,False,False,False,False,False,True,False,False,False,False,False,False,False,False,False,False,False,True
1,627.2,1,627.2,0.0,2024,2,28,False,False,False,True,False,False,False,False,False,True,True,False,False,False,False,True,False,False,False,False
3,127.41,7,382.23,0.0,2025,4,25,False,False,False,True,False,False,False,False,True,False,True,False,False,False,True,False,False,False,False,True
1,427.06,1,427.06,1.0,2023,9,28,False,False,True,False,False,False,False,False,False,True,False,False,False,False,False,True,False,False,False,True
2,99.1,6,198.2,0.0,2023,3,9,False,False,True,False,False,False,False,False,False,False,True,False,False,False,False,False,False,False,True,False
4,451.97,7,1807.88,1.0,2025,1,26,False,False,True,False,False,False,False,False,False,True,False,False,False,False,False,True,False,False,False,False
5,84.13,9,420.65,0.0,2023,6,28,True,False,False,False,False,False,False,False,False,True,True,False,False,False,True,False,False,True,False,False
1,118.8,6,118.8,0.0,2023,10,8,False,False,False,False,False,True,False,False,False,True,True,False,False,False,True,False,False,False,False,False
2,139.57,4,279.14,0.0,2025,5,4,True,False,False,False,False,False,False,False,False,False,True,False,False,False,False,True,True,False,False,False
2,644.05,5,1288.1,1.0,2023,7,18,False,True,False,False,False,False,False,False,True,False,False,False,False,False,False,True,False,False,False,True
5,55.41,5,277.05,1.0,2023,10,24,False,True,False,False,False,False,False,False,False,True,False,False,False,False,False,False,False,True,False,False
1,310.93,3,310.93,1.0,2023,1,11,False,False,False,False,True,False,False,False,False,True,False,False,False,False,False,False,True,False,False,False
2,288.21,5,576.42,1.0,2023,10,15,False,False,False,False,False,False,False,True,False,False,False,False,False,False,False,False,False,False,False,False
4,685.2,6,2740.8,1.0,2024,7,20,False,False,False,False,True,False,False,False,True,False,False,False,False,False,False,True,False,True,False,False
5,57.45,10,287.25,1.0,2025,3,16,False,False,True,False,False,False,False,False,False,False,False,False,False,False,False,False,True,False,False,False
4,262.58,8,1050.32,1.0,2024,11,26,False,False,False,False,False,False,False,False,False,True,False,False,False,False,False,True,False,False,False,False
1,52.54,6,52.54,1.0,2024,10,6,False,False,False,False,True,False,False,True,False,False,False,False,False,False,False,True,True,False,False,False
1,512.39,2,512.39,0.0,2024,4,18,False,False,False,True,False,False,False,False,False,True,True,False,False,False,False,False,False,False,True,False
1,487.21,3,487.21,0.0,2024,3,23,False,False,False,True,False,False,False,False,False,False,True,False,False,False,True,False,False,False,False,True
5,509.58,6,2547.9,0.0,2023,10,18,False,True,False,False,False,False,False,False,False,True,True,False,False,False,False,False,False,False,True,False
1,183.18,6,183.18,1.0,2023,4,1,False,False,True,False,False,False,False,True,False,False,False,False,False,False,True,False,False,False,False,False
1,109.29,5,109.29,1.0,2024,11,27,False,True,False,False,False,False,False,True,False,False,False,False,False,False,False,False,False,True,False,False
1,252.68,1,252.68,1.0,2025,3,31,False,False,False,True,False,False,False,False,False,True,False,False,False,False,False,False,False,False,False,True
4,434.42,6,1737.68,1.0,2023,3,14,False,False,False,False,False,True,False,False,False,True,False,False,False,False,False,False,False,True,False,False
5,513.49,8,2567.45,1.0,2024,2,26,False,False,False,False,True,False,False,False,True,False,False,False,False,False,False,False,False,True,False,False
1,432.47,4,432.47,0.0,2023,7,18,False,False,False,True,False,False,False,False,False,False,True,False,False,False,False,False,False,False,False,True
1,45.94,2,45.94,1.0,2024,8,30,True,False,False,False,False,False,False,False,False,False,False,False,False,False,False,True,False,False,False,False
1,418.36,5,418.36,0.0,2025,6,21,False,False,False,True,False,False,True,False,False,False,True,False,False,False,False,False,False,False,False,False
5,676.98,5,3384.9,1.0,2023,11,26,False,False,False,False,False,False,False,False,False,False,False,False,False,False,False,False,True,False,False,False
5,551.27,7,2756.35,1.0,2025,4,19,True,False,False,False,False,False,False,False,False,True,False,False,False,False,False,False,False,False,False,True
3,508.12,8,1524.36,1.0,2023,1,6,False,False,False,False,False,False,True,False,False,False,False,False,False,False,False,False,False,False,False,True
2,438.62,3,877.24,1.0,2025,4,19,False,False,False,False,False,True,False,False,False,False,False,False,False,False,True,False,True,False,False,False
4,484.85,5,1939.4,0.0,2023,4,23,False,True,False,False,False,False,False,True,False,False,True,False,False,False,False,True,False,False,False,True
4,15.01,6,60.04,1.0,2024,5,29,False,False,False,False,False,False,False,False,False,False,False,False,False,False,False,False,True,False,False,False
1,36.65,1,36.65,1.0,2024,12,5,False,False,False,False,False,False,False,False,False,True,False,False,False,False,False,True,False,False,False,False
3,149.34,7,448.02,1.0,2023,9,5,False,False,False,False,False,True,False,False,True,False,False,False,False,False,False,True,False,False,False,False
5,467.81,10,2339.05,1.0,2024,7,22,False,False,False,False,False,False,False,False,False,True,False,False,False,False,False,False,True,False,False,False
3,201.21,3,603.63,1.0,2025,3,14,False,False,False,False,True,False,False,False,False,True,False,False,False,False,True,False,False,True,False,False
2,464.5,2,929.0,1.0,2025,6,11,False,False,True,False,False,False,False,False,False,True,False,False,False,False,False,True,False,False,True,False
1,558.27,1,558.27,0.0,2025,5,14,False,False,False,True,False,False,False,False,False,True,True,False,False,False,False,False,False,False,False,True
1,376.76,5,376.76,0.0,2024,12,16,False,False,False,False,True,False,False,True,False,False,True,False,False,False,True,False,False,False,False,False
5,575.24,7,2876.2,0.0,2024,3,15,False,False,True,False,False,False,False,False,False,False,True,False,False,False,False,True,False,False,False,False
4,198.35,7,793.4,1.0,2024,4,9,False,False,False,False,False,True,False,False,False,False,False,False,False,False,False,False,False,True,False,False
1,515.32,1,515.32,1.0,2024,4,20,False,False,False,False,False,False,False,False,True,False,False,False,False,False,False,False,False,False,False,False
5,653.47,10,3267.35,1.0,2024,8,19,False,False,False,False,False,False,True,False,False,False,False,False,False,False,True,False,False,False,False,True
5,320.01,6,1600.05,0.0,2024,7,2,True,False,False,False,False,False,False,False,True,False,True,False,False,False,False,False,False,False,False,True
2,41.0,7,82.0,0.0,2025,5,3,False,True,False,False,False,False,False,False,False,True,True,False,False,False,False,False,False,False,False,False
3,648.59,4,1945.77,1.0,2024,6,6,False,False,False,False,False,False,False,True,False,False,False,False,False,False,True,False,False,False,False,False
3,68.12,3,204.36,1.0,2024,7,24,False,False,True,False,False,False,False,False,False,True,False,False,False,False,False,False,False,False,False,False
3,247.47,4,742.41,0.0,2025,3,23,False,False,False,False,False,True,False,False,False,True,True,False,False,False,True,False,True,False,False,False
3,531.72,7,1595.16,0.0,2025,2,18,True,False,False,False,False,False,False,False,True,False,True,False,False,False,True,False,False,True,False,False
1,17.98,6,17.98,1.0,2023,11,14,False,False,False,False,False,True,False,False,False,False,False,False,False,False,False,False,False,False,False,False
1,613.98,4,613.98,0.0,2023,8,20,False,False,False,True,False,False,False,False,False,True,True,False,False,False,False,False,True,False,False,False
3,426.12,5,1278.36,0.0,2024,1,5,False,False,False,False,True,False,False,False,False,True,True,False,False,False,False,True,False,False,True,False
4,629.88,8,2519.52,1.0,2025,2,25,False,False,True,False,False,False,False,True,False,False,False,False,False,False,False,True,False,False,True,False
1,120.98,6,120.98,0.0,2023,5,18,False,True,False,False,False,False,False,True,False,False,True,False,False,False,False,True,False,False,False,False
2,333.83,4,667.66,1.0,2023,8,23,False,False,False,True,False,False,False,False,True,False,False,False,False,False,False,False,False,False,False,True
4,628.12,6,2512.48,0.0,2024,7,16,False,False,False,True,False,False,False,False,False,True,True,False,False,False,False,True,False,False,True,False
3,157.4,7,472.2,1.0,2024,4,15,True,False,False,False,False,False,False,True,False,False,False,False,False,False,False,True,False,False,False,False
5,364.28,5,1821.4,1.0,2025,4,8,True,False,False,False,False,False,True,False,False,False,False,False,False,False,False,True,False,True,False,False
4,162.71,7,650.84,1.0,2024,4,18,False,False,False,True,False,False,False,False,False,False,False,False,False,False,False,False,False,False,False,False
2,343.99,4,687.98,0.0,2023,3,10,False,True,False,False,False,False,False,False,False,True,True,False,False,False,False,False,False,True,False,False
5,421.42,7,2107.1,1.0,2023,1,25,False,False,False,False,False,False,False,True,False,False,False,False,False,False,False,False,False,False,True,False
5,566.07,6,2830.35,0.0,2024,10,10,False,False,True,False,False,False,True,False,False,False,True,False,False,False,True,False,False,False,True,False
2,255.99,4,511.98,0.0,2023,11,14,False,False,True,False,False,False,True,False,False,False,True,False,False,False,True,False,False,False,True,False
1,627.34,1,627.34,0.0,2024,11,11,False,True,False,False,False,False,False,False,False,True,True,False,False,False,False,False,False,False,False,True
3,154.37,4,463.11,0.0,2025,6,15,False,False,False,False,False,False,False,False,True,False,True,False,False,False,False,False,False,False,True,False
4,145.05,6,580.2,0.0,2025,3,21,False,False,False,False,False,False,False,False,False,True,True,False,False,False,True,False,False,True,False,False
5,514.6,10,2573.0,0.0,2023,6,12,False,False,True,False,False,False,False,False,True,False,True,False,False,False,False,False,False,False,True,False
4,577.82,9,2311.28,0.0,2024,12,10,False,False,True,False,False,False,True,False,False,False,True,False,False,False,False,False,False,True,False,False
2,500.8,3,1001.6,0.0,2025,2,10,False,True,False,False,False,False,False,False,False,False,True,False,False,False,False,False,False,False,False,True
5,72.64,7,363.2,1.0,2024,2,21,False,False,False,True,False,False,True,False,False,False,False,False,False,False,False,False,False,False,False,False
2,211.82,4,423.64,1.0,2024,11,25,True,False,False,False,False,False,False,False,True,False,False,False,False,False,False,True,False,False,False,False
3,556.99,4,1670.97,1.0,2023,6,30,False,False,False,False,False,False,False,False,False,True,False,False,False,False,False,False,True,False,False,False
1,72.31,1,72.31,1.0,2023,5,26,False,False,False,False,True,False,False,False,True,False,False,False,False,False,False,False,True,False,False,False
3,32.62,6,97.85999999999999,0.0,2025,6,22,False,False,False,False,False,False,False,True,False,False,True,False,False,False,False,False,True,False,False,False
3,274.75,3,824.25,1.0,2024,11,6,False,True,False,False,False,False,False,False,False,False,False,False,False,False,True,False,False,True,False,False
5,543.16,6,2715.8,1.0,2024,7,24,False,True,False,False,False,False,False,False,False,True,False,False,False,False,True,False,False,False,True,False
3,445.12,8,1335.36,1.0,2023,6,2,False,False,False,False,False,False,False,False,True,False,False,False,False,False,False,False,False,True,False,False
1,96.81,3,96.81,1.0,2024,3,8,False,False,False,True,False,False,False,False,True,False,False,False,False,False,False,False,False,False,False,True
3,601.6,7,1804.8,1.0,2024,10,17,False,False,False,False,False,True,True,False,False,False,False,False,False,False,True,False,True,False,False,False
3,184.47,4,553.41,1.0,2024,2,8,False,False,False,False,False,True,False,False,False,True,False,False,False,False,False,False,False,False,False,True
5,476.01,7,2380.05,0.0,2023,10,22,False,False,False,True,False,False,True,False,False,False,True,False,False,False,False,True,False,True,False,False
3,396.0,4,1188.0,1.0,2023,6,16,False,False,False,False,True,False,False,False,True,False,False,False,False,False,False,False,False,False,True,False
5,341.96,6,1709.8,0.0,2024,1,16,False,False,False,False,False,True,False,True,False,False,True,False,False,False,False,False,False,False,False,False
5,248.84,10,1244.2,1.0,2023,6,23,False,False,True,False,False,False,False,True,False,False,False,False,False,False,False,False,False,False,True,False
5,678.16,7,3390.8,0.0,2023,5,2,False,True,False,False,False,False,False,False,True,False,True,False,False,False,False,True,True,False,False,False
5,601.72,5,3008.6,1.0,2024,4,10,False,True,False,False,False,False,False,False,True,False,False,False,False,False,False,True,False,False,True,False
2,259.32,2,518.64,0.0,2024,4,25,False,False,False,False,True,False,False,False,True,False,True,False,False,False,False,True,False,False,False,True
4,371.07,7,1484.28,1.0,2023,10,5,False,True,False,False,False,False,False,False,False,False,False,False,False,False,False,True,True,False,False,False
4,578.27,9,2313.08,0.0,2023,10,15,False,False,False,False,False,True,False,False,False,True,True,False,False,False,False,True,False,False,False,False
1,529.19,5,529.19,1.0,2023,1,20,False,False,False,False,False,False,False,False,False,False,False,False,False,False,False,False,False,False,False,True
5,85.22,7,426.1,1.0,2024,4,29,False,False,False,False,False,False,True,False,False,False,False,False,False,False,False,False,False,False,False,False
1,438.37,4,438.37,1.0,2024,8,26,False,True,False,False,False,False,False,False,False,False,False,False,False,False,True,False,False,False,False,True
2,150.05,4,300.1,1.0,2023,1,2,False,True,False,False,False,False,True,False,False,False,False,False,False,False,True,False,True,False,False,False
2,575.83,3,1151.66,0.0,2025,1,18,False,False,True,False,False,False,False,False,False,True,True,False,False,False,False,True,False,False,False,True
2,372.23,7,744.46,0.0,2023,5,18,True,False,False,False,False,False,False,False,True,False,True,False,False,False,True,False,False,False,False,False
2,132.6,4,265.2,1.0,2023,3,14,False,False,False,False,False,False,False,True,False,False,False,False,False,False,False,True,False,False,False,False
4,87.79,6,351.16,1.0,2023,12,24,False,False,False,False,False,True,False,False,False,False,False,False,False,False,False,False,False,False,True,False
2,642.04,4,1284.08,0.0,2024,10,26,False,False,False,True,False,False,False,False,True,False,True,False,False,False,False,True,False,False,False,False
3,424.89,6,1274.67,1.0,2025,2,28,False,False,False,False,False,True,False,True,False,False,False,False,False,False,False,False,False,True,False,False
1,72.6,6,72.6,1.0,2024,4,15,False,False,True,False,False,False,False,True,False,False,False,False,False,False,False,False,False,False,True,False
4,327.12,4,1308.48,1.0,2024,8,31,False,False,True,False,False,False,True,False,False,False,False,False,False,False,False,False,False,False,False,False
1,257.0,5,257.0,1.0,2023,2,5,True,False,False,False,False,False,False,True,False,False,False,False,False,False,False,False,False,False,False,True
5,50.74,7,253.7,1.0,2023,6,15,False,False,False,False,False,False,False,False,True,False,False,False,False,False,False,True,False,True,False,False
2,372.92,7,745.84,0.0,2023,2,21,False,False,False,False,False,True,True,False,False,False,True,False,False,False,True,False,False,False,False,False
4,358.75,9,1435.0,0.0,2024,1,9,False,True,False,False,False,False,False,False,True,False,True,False,False,False,True,False,True,False,False,False
2,422.34,4,844.68,1.0,2025,6,23,False,True,False,False,False,False,True,False,False,False,False,False,False,False,False,False,False,False,True,False
5,22.07,7,110.35,1.0,2025,4,3,False,False,False,False,False,True,False,False,False,True,False,False,False,False,False,False,False,False,True,False
3,509.42,5,1528.26,1.0,2023,7,23,False,False,True,False,False,False,True,False,False,False,False,False,False,False,False,False,False,True,False,False
4,593.22,8,2372.88,1.0,2024,3,6,False,False,True,False,False,False,True,False,False,False,False,False,False,False,False,True,True,False,False,False
5,196.84,5,984.2,0.0,2023,1,23,True,False,False,False,False,False,True,False,False,False,True,False,False,False,False,True,False,False,True,False
2,388.22,2,776.44,0.0,2023,1,4,False,True,False,False,False,False,False,False,False,False,True,False,False,False,False,True,False,False,True,False
3,614.15,3,1842.45,1.0,2023,11,13,False,True,False,False,False,False,False,False,True,False,False,False,False,False,False,False,True,False,False,False
3,92.22,5,276.66,0.0,2024,6,23,False,False,True,False,False,False,True,False,False,False,True,False,False,False,False,False,False,False,False,False
4,30.27,9,121.08,0.0,2023,6,3,True,False,False,False,False,False,False,False,False,True,True,False,False,False,False,False,False,True,False,False
4,650.04,6,2600.16,1.0,2024,11,1,False,False,False,False,False,False,False,False,True,False,False,False,False,False,True,False,True,False,False,False
4,532.49,6,2129.96,1.0,2025,6,21,False,False,False,False,False,True,False,False,False,True,False,False,False,False,True,False,True,False,False,False
3,653.63,7,1960.89,0.0,2024,7,26,False,False,False,False,True,False,False,False,False,True,True,False,False,False,False,False,False,False,False,False
3,122.11,4,366.33,0.0,2023,10,16,False,False,False,False,False,False,False,False,False,True,True,False,False,False,False,True,False,False,False,False
4,64.74,8,258.96,1.0,2023,4,8,False,True,False,False,False,False,False,False,True,False,False,False,False,False,True,False,False,True,False,False
2,118.59,2,237.18,0.0,2024,3,18,True,False,False,False,False,False,True,False,False,False,True,False,False,False,False,False,False,False,False,False
4,583.02,4,2332.08,0.0,2024,10,25,False,True,False,False,False,False,False,False,False,True,True,False,False,False,False,False,True,False,False,False
1,474.6,4,474.6,0.0,2025,2,22,False,False,False,True,False,False,False,True,False,False,True,False,False,False,True,False,False,False,False,False
1,132.05,2,132.05,0.0,2025,3,7,False,True,False,False,False,False,False,False,False,True,True,False,False,False,False,False,False,True,False,False
4,386.73,4,1546.92,0.0,2024,6,13,False,False,False,True,False,False,False,False,False,False,True,False,False,False,True,False,True,False,False,False
5,332.64,10,1663.2,0.0,2025,1,23,False,False,True,False,False,False,False,False,True,False,True,False,False,False,False,False,False,False,False,True
2,461.37,5,922.74,0.0,2024,6,12,False,False,False,False,False,True,False,False,False,False,True,False,False,False,True,False,False,True,False,False
3,661.89,6,1985.67,1.0,2025,2,24,True,False,False,False,False,False,False,False,False,True,False,False,False,False,False,True,False,False,False,True
2,259.58,7,519.16,0.0,2025,3,12,False,False,False,False,False,True,False,True,False,False,True,False,False,False,False,False,False,False,True,False
4,429.37,8,1717.48,0.0,2024,10,3,False,False,False,True,False,False,True,False,False,False,True,False,False,False,False,False,False,True,False,False
1,157.72,2,157.72,0.0,2024,2,22,True,False,False,False,False,False,False,True,False,False,True,False,False,False,False,False,False,True,False,False
3,624.84,8,1874.52,1.0,2023,3,26,False,False,False,False,False,True,True,False,False,False,False,False,False,False,False,True,True,False,False,False
1,39.56,5,39.56,1.0,2025,2,18,True,False,False,False,False,False,False,True,False,False,False,False,False,False,False,False,False,True,False,False
4,37.76,7,151.04,0.0,2023,6,2,True,False,False,False,False,False,False,True,False,False,True,False,False,False,False,False,False,True,False,False
1,569.96,4,569.96,0.0,2023,4,6,False,True,False,False,False,False,False,False,False,True,True,False,False,False,False,False,False,False,False,False
5,627.43,10,3137.15,1.0,2024,3,10,False,True,False,False,False,False,True,False,False,False,False,False,False,False,False,False,False,False,False,False
2,323.22,7,646.44,0.0,2025,4,18,False,False,False,False,False,True,True,False,False,False,True,False,False,False,False,False,False,False,True,False
5,653.46,9,3267.3,1.0,2023,9,4,False,False,False,False,False,True,False,False,False,False,False,False,False,False,False,True,False,False,False,False
4,678.55,5,2714.2,0.0,2023,7,6,False,False,False,False,True,False,False,False,False,False,True,False,False,False,False,False,False,False,False,False
3,692.44,8,2077.32,1.0,2024,6,12,False,False,False,True,False,False,False,True,False,False,False,False,False,False,False,False,False,True,False,False
1,604.87,4,604.87,0.0,2024,7,28,False,False,True,False,False,False,False,False,False,True,True,False,False,False,False,False,False,False,True,False
2,512.33,7,1024.66,1.0,2025,6,28,False,False,False,True,False,False,False,False,False,False,False,False,False,False,False,False,True,False,False,False
3,20.54,3,61.62,1.0,2025,4,15,False,False,False,False,False,False,True,False,False,False,False,False,False,False,False,False,False,False,True,False
2,625.22,5,1250.44,1.0,2023,3,4,False,False,False,True,False,False,False,False,False,True,False,False,False,False,False,False,False,True,False,False
5,64.49,7,322.45,1.0,2025,3,21,False,False,False,False,False,False,False,False,False,True,False,False,False,False,False,False,True,False,False,False
4,184.48,4,737.92,1.0,2024,3,31,False,True,False,False,False,False,False,False,False,True,False,False,False,False,False,True,False,True,False,False
5,524.26,5,2621.3,0.0,2024,1,10,False,False,False,True,False,False,False,False,True,False,True,False,False,False,False,False,False,False,False,True
5,45.31,8,226.55,1.0,2023,8,23,False,False,False,False,False,False,False,False,False,True,False,False,False,False,False,False,False,False,False,True
4,221.96,7,887.84,0.0,2024,3,17,True,False,False,False,False,False,False,False,False,False,True,False,False,False,False,False,False,True,False,False
5,691.28,10,3456.4,0.0,2023,8,17,False,False,False,False,False,True,False,False,False,True,True,False,False,False,True,False,False,False,False,False
5,170.22,8,851.1,0.0,2024,4,15,False,False,False,False,False,False,False,True,False,False,True,False,False,False,False,False,False,False,False,True
4,384.85,9,1539.4,0.0,2023,3,9,False,False,False,False,True,False,False,False,False,True,True,False,False,False,False,False,False,False,True,False
5,644.64,6,3223.2,1.0,2024,2,17,False,False,False,False,False,False,False,False,True,False,False,False,False,False,False,False,False,False,False,False
3,236.5,8,709.5,0.0,2024,1,1,False,False,False,False,False,False,False,False,False,True,True,False,False,False,False,False,False,False,False,False
5,472.01,10,2360.05,1.0,2024,10,15,False,True,False,False,False,False,False,False,True,False,False,False,False,False,True,False,False,False,False,False
3,676.21,5,2028.63,0.0,2024,11,10,False,False,True,False,False,False,False,False,False,True,True,False,False,False,True,False,False,True,False,False
1,553.56,5,553.56,1.0,2023,5,31,False,False,False,False,False,True,True,False,False,False,False,False,False,False,False,False,False,False,False,True
2,255.26,6,510.52,1.0,2024,1,26,False,False,False,True,False,False,True,False,False,False,False,False,False,False,False,False,False,True,False,False
5,292.54,8,1462.7,1.0,2025,3,15,False,True,False,False,False,False,False,True,False,False,False,False,False,False,False,False,False,False,False,False
3,569.84,8,1709.52,1.0,2024,8,4,False,False,False,False,True,False,False,False,True,False,False,False,False,False,False,True,False,False,True,False
4,598.19,7,2392.76,0.0,2023,10,5,False,False,False,False,False,False,True,False,False,False,True,False,False,False,False,True,False,False,False,False
4,390.84,9,1563.36,1.0,2023,3,2,False,False,False,True,False,False,True,False,False,False,False,False,False,False,False,True,False,False,False,True
2,398.45,7,796.9,1.0,2024,9,28,False,False,False,True,False,False,False,True,False,False,False,False,False,False,True,False,False,True,False,False
4,174.49,5,697.96,0.0,2024,12,14,False,True,False,False,False,False,True,False,False,False,True,False,False,False,True,False,True,False,False,False
2,639.88,5,1279.76,0.0,2023,5,25,False,False,False,False,False,True,False,False,False,False,True,False,False,False,False,True,False,False,True,False
1,76.93,6,76.93,0.0,2023,2,5,False,False,True,False,False,False,False,True,False,False,True,False,False,False,False,True,False,False,True,False
4,190.64,5,762.56,0.0,2024,12,11,False,False,False,False,False,True,False,False,False,False,True,False,False,False,True,False,False,False,False,False
1,178.44,2,178.44,1.0,2023,2,2,False,False,False,True,False,False,True,False,False,False,False,False,False,False,False,False,False,True,False,False
5,655.55,5,3277.75,0.0,2025,6,14,False,False,False,False,False,False,False,False,False,True,True,False,False,False,False,False,False,False,False,False
3,197.97,5,593.91,1.0,2023,8,24,False,False,False,False,False,False,False,False,False,True,False,False,False,False,False,False,False,True,False,False
3,411.95,7,1235.85,0.0,2024,1,14,False,False,False,False,False,False,True,False,False,False,True,False,False,False,False,False,False,False,False,True
2,443.22,5,886.44,0.0,2024,9,19,False,False,False,False,True,False,True,False,False,False,True,False,False,False,False,False,True,False,False,False
3,430.06,8,1290.18,1.0,2025,5,13,True,False,False,False,False,False,False,False,True,False,False,False,False,False,False,False,False,False,True,False
3,107.36,5,322.08,0.0,2023,10,8,False,False,False,True,False,False,False,False,True,False,True,False,False,False,False,False,False,True,False,False
2,359.86,4,719.72,1.0,2024,7,4,True,False,False,False,False,False,False,True,False,False,False,False,False,False,False,False,False,False,False,True
4,214.35,7,857.4,1.0,2025,6,9,False,False,False,False,True,False,False,True,False,False,False,False,False,False,False,True,False,False,False,True
3,638.5,4,1915.5,1.0,2025,4,27,False,False,True,False,False,False,False,True,False,False,False,False,False,False,False,False,False,False,True,False
1,365.57,5,365.57,1.0,2023,12,12,False,True,False,False,False,False,False,False,False,True,False,False,False,False,True,False,False,False,False,False
3,372.6,7,1117.8,0.0,2025,6,13,False,True,False,False,False,False,True,False,False,False,True,False,False,False,False,True,False,False,False,True
3,257.84,4,773.52,0.0,2024,3,10,False,False,False,True,False,False,False,False,False,True,True,False,False,False,False,False,False,False,True,False
1,422.54,1,422.54,0.0,2024,1,23,False,False,False,False,True,False,False,False,False,False,True,False,False,False,True,False,False,True,False,False
1,491.11,4,491.11,0.0,2023,5,3,True,False,False,False,False,False,True,False,False,False,True,False,False,False,True,False,True,False,False,False
5,189.25,10,946.25,1.0,2024,7,26,True,False,False,False,False,False,False,True,False,False,False,False,False,False,False,True,False,False,False,False
4,142.58,4,570.32,0.0,2024,5,26,False,False,False,False,True,False,False,False,False,False,True,False,False,False,False,False,True,False,False,False
4,316.32,7,1265.28,0.0,2024,6,29,False,False,True,False,False,False,False,True,False,False,True,False,False,False,False,False,True,False,False,False
2,533.95,5,1067.9,0.0,2024,3,17,True,False,False,False,False,False,False,False,False,True,True,False,False,False,False,True,False,True,False,False
4,470.09,4,1880.36,0.0,2025,6,1,False,False,False,True,False,False,False,True,False,False,True,False,False,False,False,False,False,True,False,False
3,136.84,3,410.52,0.0,2024,5,12,True,False,False,False,False,False,False,False,False,False,True,False,False,False,True,False,True,False,False,False
2,488.9,7,977.8,0.0,2023,10,31,False,False,False,False,False,False,False,False,False,False,True,False,False,False,False,False,True,False,False,False
5,133.39,6,666.9499999999999,0.0,2023,8,3,False,True,False,False,False,False,True,False,False,False,True,False,False,False,False,False,False,False,False,True
2,330.69,5,661.38,1.0,2023,6,1,True,False,False,False,False,False,False,False,False,True,False,False,False,False,True,False,False,True,False,False
2,274.12,6,548.24,0.0,2025,6,28,False,False,False,True,False,False,False,False,False,False,True,False,False,False,False,False,False,False,False,True
5,561.48,9,2807.4,0.0,2025,5,13,False,False,False,False,True,False,False,False,False,True,True,False,False,False,False,False,True,False,False,False
3,171.66,7,514.98,0.0,2024,12,19,False,False,False,False,False,False,False,True,False,False,True,False,False,False,False,False,False,True,False,False
5,650.72,8,3253.6,1.0,2024,10,27,False,False,True,False,False,False,True,False,False,False,False,False,False,False,False,True,False,False,False,False
3,575.01,8,1725.03,1.0,2023,5,23,False,False,False,False,False,True,False,False,False,True,False,False,False,False,False,True,False,False,True,False
4,481.48,5,1925.92,0.0,2024,9,3,False,True,False,False,False,False,False,False,True,False,True,False,False,False,True,False,False,False,True,False
4,180.25,7,721.0,1.0,2024,7,13,False,False,True,False,False,False,False,True,False,False,False,False,False,False,False,False,True,False,False,False
4,237.43,8,949.72,1.0,2025,2,5,False,False,True,False,False,False,False,False,False,False,False,False,False,False,False,True,False,False,False,True
5,298.39,7,1491.95,1.0,2024,8,4,True,False,False,False,False,False,False,False,True,False,False,False,False,False,False,True,False,False,False,True
2,697.93,2,1395.86,1.0,2025,5,6,True,False,False,False,False,False,True,False,False,False,False,False,False,False,True,False,False,True,False,False
3,308.98,3,926.94,0.0,2024,5,31,False,False,False,False,True,False,False,False,False,False,True,False,False,False,True,False,False,False,True,False
5,396.86,9,1984.3,1.0,2024,8,13,True,False,False,False,False,False,False,False,False,False,False,False,False,False,True,False,False,False,True,False
5,368.25,5,1841.25,0.0,2025,6,24,False,True,False,False,False,False,False,False,False,True,True,False,False,False,False,False,False,False,True,False
1,438.93,3,438.93,1.0,2023,7,24,False,False,False,False,False,True,False,False,True,False,False,False,False,False,True,False,False,False,False,True
1,26.95,1,26.95,0.0,2024,3,20,True,False,False,False,False,False,False,False,False,False,True,False,False,False,False,True,False,False,False,False
2,40.23,4,80.46,1.0,2024,1,1,False,False,False,False,True,False,True,False,False,False,False,False,False,False,True,False,False,True,False,False
2,72.39,7,144.78,0.0,2023,3,26,False,True,False,False,False,False,False,False,False,True,True,False,False,False,False,True,False,False,True,False
3,692.71,3,2078.13,0.0,2023,11,24,False,False,False,True,False,False,True,False,False,False,True,False,False,False,False,False,False,False,True,False
4,56.66,4,226.64,0.0,2024,1,12,False,False,False,False,False,False,False,False,False,True,True,False,False,False,True,False,False,False,True,False
2,298.53,5,597.06,1.0,2024,1,16,False,False,False,False,False,False,False,True,False,False,False,False,False,False,False,True,False,False,False,False
3,331.46,6,994.3799999999999,1.0,2023,7,12,False,False,False,False,False,False,True,False,False,False,False,False,False,False,False,True,False,False,False,True
2,521.4,7,1042.8,0.0,2025,4,16,False,True,False,False,False,False,False,False,False,False,True,False,False,False,True,False,False,False,True,False
4,305.32,4,1221.28,1.0,2023,3,27,False,False,False,False,True,False,False,False,False,True,False,False,False,False,True,False,False,True,False,False
5,111.7,9,558.5,1.0,2023,7,17,False,False,False,False,True,False,True,False,False,False,False,False,False,False,False,False,False,False,False,False
2,426.22,7,852.44,0.0,2024,12,16,False,True,False,False,False,False,False,False,False,True,True,False,False,False,False,True,False,True,False,False
2,594.07,2,1188.14,1.0,2024,6,21,False,False,False,True,False,False,False,False,True,False,False,False,False,False,False,False,False,True,False,False
2,160.98,3,321.96,0.0,2024,4,11,False,False,False,True,False,False,False,True,False,False,True,False,False,False,True,False,False,False,False,True
3,158.66,7,475.98,0.0,2023,5,13,True,False,False,False,False,False,False,False,True,False,True,False,False,False,False,True,False,False,False,False
2,142.08,4,284.16,0.0,2024,9,6,False,False,False,True,False,False,False,False,True,False,True,False,False,False,True,False,False,False,False,True
5,364.42,10,1822.1,1.0,2023,8,20,False,False,False,True,False,False,True,False,False,False,False,False,False,False,True,False,False,False,False,True
4,578.28,5,2313.12,1.0,2025,6,18,False,True,False,False,False,False,False,False,True,False,False,False,False,False,False,False,False,False,False,False
5,280.52,7,1402.6,1.0,2025,5,20,False,False,True,False,False,False,True,False,False,False,False,False,False,False,False,True,True,False,False,False
1,627.15,5,627.15,0.0,2024,9,7,True,False,False,False,False,False,False,False,False,False,True,False,False,False,True,False,False,False,True,False
2,605.26,4,1210.52,1.0,2024,5,27,False,False,True,False,False,False,False,False,False,False,False,False,False,False,False,True,False,False,False,True
1,90.27,5,90.27,0.0,2024,6,9,False,True,False,False,False,False,False,False,False,False,True,False,False,False,True,False,True,False,False,False
5,266.78,5,1333.9,1.0,2023,9,27,True,False,False,False,False,False,False,False,True,False,False,False,False,False,False,False,False,False,False,False
4,107.49,5,429.96,0.0,2024,6,25,False,False,False,False,True,False,False,False,False,False,True,False,False,False,False,False,False,True,False,False
3,669.06,7,2007.18,0.0,2023,5,31,False,False,True,False,False,False,False,False,False,False,True,False,False,False,True,False,True,False,False,False
3,69.65,7,208.95,0.0,2023,10,14,False,False,False,False,False,False,False,False,False,False,True,False,False,False,False,True,False,False,True,False
1,243.71,6,243.71,0.0,2024,7,20,True,False,False,False,False,False,False,False,True,False,True,False,False,False,True,False,False,True,False,False
2,629.56,5,1259.12,1.0,2025,2,4,True,False,False,False,False,False,False,False,True,False,False,False,False,False,False,True,False,False,True,False
5,127.18,10,635.9000000000001,1.0,2024,5,9,True,False,False,False,False,False,False,True,False,False,False,False,False,False,False,False,False,True,False,False
3,267.45,5,802.3499999999999,0.0,2024,4,6,False,False,True,False,False,False,False,False,True,False,True,False,False,False,False,True,False,False,True,False
4,615.65,9,2462.6,0.0,2024,6,27,False,False,False,False,False,True,False,True,False,False,True,False,False,False,False,True,False,True,False,False
4,473.86,7,1895.44,0.0,2024,4,28,False,False,True,False,False,False,False,True,False,False,True,False,False,False,True,False,True,False,False,False
3,444.75,6,1334.25,0.0,2023,11,27,False,True,False,False,False,False,False,False,False,False,True,False,False,False,True,False,True,False,False,False
2,183.67,6,367.34,1.0,2023,5,19,False,False,False,True,False,False,False,True,False,False,False,False,False,False,True,False,False,True,False,False
5,260.93,9,1304.65,0.0,2023,6,21,False,False,False,False,True,False,False,False,False,True,True,False,False,False,True,False,False,False,False,False
5,420.98,7,2104.9,0.0,2024,5,27,False,False,False,False,False,True,False,False,False,False,True,False,False,False,True,False,True,False,False,False
3,410.88,8,1232.64,0.0,2023,1,13,False,False,True,False,False,False,False,False,False,False,True,False,False,False,False,False,False,False,True,False
2,176.46,2,352.92,0.0,2023,9,2,False,False,False,False,False,True,True,False,False,False,True,False,False,False,False,False,False,False,False,False
3,659.57,6,1978.71,1.0,2023,3,31,False,False,True,False,False,False,True,False,False,False,False,False,False,False,True,False,False,False,False,False
4,300.56,9,1202.24,1.0,2025,4,26,False,True,False,False,False,False,False,False,False,False,False,False,False,False,False,False,True,False,False,False
5,268.78,7,1343.9,0.0,2023,12,29,False,False,False,False,False,True,False,True,False,False,True,False,False,False,False,True,False,False,False,False
2,680.85,6,1361.7,0.0,2024,8,25,False,False,False,False,False,False,False,False,True,False,True,False,False,False,False,False,False,False,False,True
3,182.48,3,547.4399999999999,0.0,2023,7,8,False,True,False,False,False,False,False,False,False,False,True,False,False,False,False,False,False,False,True,False
2,26.5,3,53.0,0.0,2024,4,22,False,False,False,False,False,True,False,False,False,True,True,False,False,False,True,False,False,False,True,False
3,315.27,4,945.81,1.0,2023,10,23,False,False,False,True,False,False,True,False,False,False,False,False,False,False,True,False,False,False,False,False
1,23.53,2,23.53,0.0,2025,5,17,False,False,False,False,False,False,False,False,True,False,True,False,False,False,False,False,False,False,True,False
1,677.48,1,677.48,0.0,2023,5,1,False,False,True,False,False,False,False,False,False,True,True,False,False,False,False,True,True,False,False,False
4,440.31,6,1761.24,1.0,2023,2,17,True,False,False,False,False,False,False,False,False,False,False,False,False,False,False,False,False,False,True,False
4,245.28,6,981.12,0.0,2023,10,2,False,False,False,True,False,False,True,False,False,False,True,False,False,False,False,True,False,False,False,False
1,618.68,6,618.68,0.0,2023,4,20,False,False,False,False,False,False,False,False,False,True,True,False,False,False,False,True,False,False,False,True
1,370.85,2,370.85,0.0,2024,12,24,False,False,True,False,False,False,False,False,True,False,True,False,False,False,False,False,False,False,False,True
4,517.98,8,2071.92,1.0,2024,6,16,False,False,False,False,True,False,False,False,False,False,False,False,False,False,False,False,True,False,False,False
4,506.11,5,2024.44,1.0,2023,11,12,False,True,False,False,False,False,False,False,False,False,False,False,False,False,False,False,False,False,False,True
2,299.23,2,598.46,1.0,2025,6,28,True,False,False,False,False,False,True,False,False,False,False,False,False,False,False,True,False,False,True,False
1,536.07,5,536.07,0.0,2023,11,15,False,False,False,False,False,True,False,True,False,False,True,False,False,False,False,False,False,True,False,False
1,38.49,4,38.49,0.0,2025,6,22,False,False,False,False,True,False,True,False,False,False,True,False,False,False,False,False,False,False,False,True
1,660.66,3,660.66,0.0,2023,11,29,False,False,False,False,True,False,False,True,False,False,True,False,False,False,False,True,False,False,True,False
4,274.82,9,1099.28,0.0,2023,10,23,False,False,True,False,False,False,False,True,False,False,True,False,False,False,False,True,False,False,False,False
5,85.52,5,427.6,1.0,2023,8,23,False,False,False,False,False,False,False,False,True,False,False,False,False,False,False,False,True,False,False,False
5,666.8,7,3334.0,0.0,2023,10,30,False,False,False,False,True,False,False,True,False,False,True,False,False,False,True,False,False,False,False,True
1,355.09,5,355.09,1.0,2023,12,20,True,False,False,False,False,False,False,True,False,False,False,False,False,False,True,False,False,False,True,False
1,392.61,4,392.61,1.0,2023,2,26,False,False,True,False,False,False,False,False,True,False,False,False,False,False,True,False,False,False,False,True
2,552.63,7,1105.26,0.0,2024,8,31,False,False,True,False,False,False,False,True,False,False,True,False,False,False,False,True,False,False,True,False
3,305.16,8,915.48,1.0,2025,3,7,False,False,False,False,True,False,True,False,False,False,False,False,False,False,True,False,False,False,False,True
5,634.0,8,3170.0,0.0,2024,6,20,False,False,False,True,False,False,False,False,True,False,True,False,False,False,False,False,False,False,False,False
5,464.74,7,2323.7,0.0,2023,1,20,False,True,False,False,False,False,False,False,True,False,True,False,False,False,False,False,False,False,False,True
1,123.28,3,123.28,0.0,2024,7,9,False,False,False,False,False,False,True,False,False,False,True,False,False,False,True,False,False,False,False,False
5,209.2,6,1046.0,0.0,2023,8,21,False,True,False,False,False,False,False,True,False,False,True,False,False,False,False,True,False,False,False,False
2,441.54,2,883.08,0.0,2024,4,23,False,False,False,True,False,False,False,False,False,True,True,False,False,False,True,False,False,False,False,False
4,255.86,7,1023.44,0.0,2023,6,17,False,False,True,False,False,False,True,False,False,False,True,False,False,False,False,False,False,False,False,False
2,125.23,3,250.46,1.0,2024,9,19,False,True,False,False,False,False,False,False,False,False,False,False,False,False,False,False,False,False,False,False
5,38.11,6,190.55,1.0,2023,8,17,False,True,False,False,False,False,False,True,False,False,False,False,False,False,False,True,False,False,True,False
4,276.32,5,1105.28,0.0,2023,4,24,False,True,False,False,False,False,False,False,False,True,True,False,False,False,False,False,False,True,False,False
3,475.69,3,1427.07,1.0,2024,1,8,False,False,False,False,False,True,False,False,True,False,False,False,False,False,False,False,False,True,False,False
1,372.8,6,372.8,1.0,2023,3,12,False,False,False,False,False,False,False,False,False,False,False,False,False,False,True,False,True,False,False,False
2,63.21,4,126.42,1.0,2025,6,30,False,False,False,False,False,True,False,False,False,True,False,False,False,False,True,False,False,True,False,False
1,634.94,5,634.94,1.0,2023,3,20,False,True,False,False,False,False,False,False,False,True,False,False,False,False,False,True,False,False,True,False
4,234.45,9,937.8,1.0,2023,5,6,False,False,True,False,False,False,False,False,False,True,False,False,False,False,False,False,False,False,True,False
1,356.81,1,356.81,0.0,2023,10,13,True,False,False,False,False,False,False,False,False,True,True,False,False,False,False,True,False,False,True,False
4,209.99,8,839.96,0.0,2023,3,19,True,False,False,False,False,False,False,False,False,False,True,False,False,False,False,False,False,True,False,False
3,659.88,3,1979.64,1.0,2023,3,16,False,False,False,False,False,True,False,False,True,False,False,False,False,False,False,False,False,True,False,False
2,531.49,7,1062.98,0.0,2023,10,14,False,False,False,False,True,False,True,False,False,False,True,False,False,False,False,True,True,False,False,False
1,684.65,1,684.65,0.0,2024,11,24,False,True,False,False,False,False,True,False,False,False,True,False,False,False,False,False,False,False,False,False
4,408.36,4,1633.44,1.0,2023,10,16,True,False,False,False,False,False,False,False,True,False,False,False,False,False,False,False,False,False,False,True
5,190.11,7,950.5500000000001,0.0,2024,7,22,False,False,False,True,False,False,False,False,False,False,True,False,False,False,True,False,False,True,False,False
3,646.79,5,1940.37,1.0,2023,8,17,False,False,True,False,False,False,False,False,False,False,False,False,False,False,False,True,False,True,False,False
2,337.32,4,674.64,1.0,2024,12,2,False,False,False,False,False,False,True,False,False,False,False,False,False,False,True,False,False,False,False,False
4,38.28,4,153.12,1.0,2024,6,8,True,False,False,False,False,False,False,True,False,False,False,False,False,False,False,True,True,False,False,False
3,501.82,4,1505.46,1.0,2025,3,1,False,False,False,False,False,False,False,False,True,False,False,False,False,False,False,False,False,False,False,False
2,552.83,3,1105.66,1.0,2024,6,24,False,False,False,False,True,False,True,False,False,False,False,False,False,False,False,False,False,False,False,True
3,498.66,6,1495.98,1.0,2025,2,16,False,False,False,False,False,False,False,False,False,False,False,False,False,False,False,False,False,False,False,False
5,507.94,9,2539.7,1.0,2023,2,16,True,False,False,False,False,False,False,False,False,True,False,False,False,False,False,False,True,False,False,False
3,571.53,6,1714.59,0.0,2025,5,12,True,False,False,False,False,False,False,True,False,False,True,False,False,False,False,False,True,False,False,False
4,302.65,8,1210.6,1.0,2023,2,20,True,False,False,False,False,False,True,False,False,False,False,False,False,False,True,False,False,False,False,True
2,608.04,4,1216.08,1.0,2023,1,29,False,False,False,False,False,False,False,False,False,False,False,False,False,False,False,False,False,True,False,False
4,534.57,6,2138.28,0.0,2023,8,13,False,False,False,False,True,False,True,False,False,False,True,False,False,False,False,False,True,False,False,False
3,301.55,5,904.6500000000001,0.0,2024,5,29,False,False,True,False,False,False,False,True,False,False,True,False,False,False,False,False,False,True,False,False
1,11.39,6,11.39,1.0,2023,10,16,False,False,False,True,False,False,False,False,False,False,False,False,False,False,False,True,False,False,False,False
2,224.37,3,448.74,0.0,2025,3,11,False,False,False,True,False,False,False,True,False,False,True,False,False,False,False,True,False,False,False,True
5,315.57,6,1577.85,0.0,2024,1,8,False,False,False,False,False,True,False,True,False,False,True,False,False,False,False,True,False,False,False,False
3,324.47,4,973.4100000000001,0.0,2023,7,31,False,False,False,False,False,False,False,False,False,False,True,False,False,False,False,True,False,False,False,False
2,331.42,6,662.84,0.0,2023,4,8,False,True,False,False,False,False,True,False,False,False,True,False,False,False,False,True,False,True,False,False
1,525.43,2,525.43,1.0,2024,12,23,False,False,False,False,False,False,False,False,False,False,False,False,False,False,True,False,False,False,True,False
4,518.4,7,2073.6,0.0,2023,8,28,False,False,False,True,False,False,True,False,False,False,True,False,False,False,True,False,True,False,False,False
2,213.83,2,427.66,1.0,2023,8,13,False,False,False,False,False,True,False,True,False,False,False,False,False,False,False,True,False,False,False,False
1,70.24,4,70.24,1.0,2024,9,8,False,False,True,False,False,False,True,False,False,False,False,False,False,False,False,False,False,True,False,False
5,518.55,6,2592.75,1.0,2023,1,8,False,True,False,False,False,False,True,False,False,False,False,False,False,False,False,True,False,False,True,False
2,184.6,7,369.2,0.0,2024,3,13,True,False,False,False,False,False,False,False,True,False,True,False,False,False,False,True,False,False,False,False
5,389.22,7,1946.1,1.0,2024,8,17,False,False,False,False,False,True,False,False,False,False,False,False,False,False,False,False,False,False,False,True
1,107.04,6,107.04,1.0,2024,6,20,True,False,False,False,False,False,True,False,False,False,False,False,False,False,False,False,False,True,False,False
2,662.53,5,1325.06,1.0,2024,3,4,False,False,True,False,False,False,False,False,False,True,False,False,False,False,False,False,True,False,False,False
2,436.84,2,873.68,0.0,2023,7,13,False,False,False,False,False,True,False,False,False,True,True,False,False,False,False,False,False,False,True,False
4,262.52,4,1050.08,1.0,2024,8,22,False,False,False,False,False,False,False,True,False,False,False,False,False,False,False,True,False,False,True,False
